First Name,Last Name,Email
Kelvin,Cunningham,k.cunningham@randatmail.com
Marcus,Armstrong,m.armstrong@randatmail.com
Adrian,Gibson,a.gibson@randatmail.com
Edith,Spencer,e.spencer@randatmail.com
Frederick,Moore,f.moore@randatmail.com
Alexander,Brown,a.brown@randatmail.com
Justin,Harris,j.harris@randatmail.com
Florrie,Jones,f.jones@randatmail.com
Kimberly,Moore,k.moore@randatmail.com
Aldus,Evans,a.evans@randatmail.com
John,Hill,j.hill@randatmail.com
Amber,Spencer,a.spencer@randatmail.com
Amelia,Elliott,a.elliott@randatmail.com
Tony,Spencer,t.spencer@randatmail.com
Frederick,Hunt,f.hunt@randatmail.com
Lily,Douglas,l.douglas@randatmail.com
William,Farrell,w.farrell@randatmail.com
Florrie,Hamilton,f.hamilton@randatmail.com
Emily,Murray,e.murray@randatmail.com
Gianna,Morris,g.morris@randatmail.com
Lilianna,Johnson,l.johnson@randatmail.com
Jenna,Anderson,j.anderson@randatmail.com
Jared,Gibson,j.gibson@randatmail.com
Owen,Lloyd,o.lloyd@randatmail.com
Aston,Roberts,a.roberts@randatmail.com
Rebecca,Johnson,r.johnson@randatmail.com
Stuart,Douglas,s.douglas@randatmail.com
Amanda,Anderson,a.anderson@randatmail.com
Justin,Williams,j.williams@randatmail.com
Grace,Grant,g.grant@randatmail.com
